{
  "providers": {
    "awscloudformation": {
      "AuthRoleName": "amplify-cougardevs-staging-23139-authRole",
      "UnauthRoleArn": "arn:aws:iam::333248405225:role/amplify-cougardevs-staging-23139-unauthRole",
      "AuthRoleArn": "arn:aws:iam::333248405225:role/amplify-cougardevs-staging-23139-authRole",
      "Region": "us-east-1",
      "DeploymentBucketName": "amplify-cougardevs-staging-23139-deployment",
      "UnauthRoleName": "amplify-cougardevs-staging-23139-unauthRole",
      "StackName": "amplify-cougardevs-staging-23139",
      "StackId": "arn:aws:cloudformation:us-east-1:333248405225:stack/amplify-cougardevs-staging-23139/f72108b0-661f-11ed-a6cf-0ab634256341",
      "AmplifyAppId": "d3syi1lnog1w31"
    }
  },
  "auth": {
    "cougarDevs": {
      "service": "Cognito",
      "providerPlugin": "awscloudformation",
      "dependsOn": [],
      "customAuth": false,
      "frontendAuthConfig": {
        "socialProviders": [],
        "usernameAttributes": [
          "EMAIL"
        ],
        "signupAttributes": [],
        "passwordProtectionSettings": {
          "passwordPolicyMinLength": 15,
          "passwordPolicyCharacters": [
            "REQUIRES_LOWERCASE",
            "REQUIRES_NUMBERS",
            "REQUIRES_SYMBOLS",
            "REQUIRES_UPPERCASE"
          ]
        },
        "mfaConfiguration": "OFF",
        "mfaTypes": [
          "SMS"
        ],
        "verificationMechanisms": [
          "EMAIL"
        ]
      },
      "output": {
        "UserPoolId": "us-east-1_NE4HTCvyI",
        "AppClientIDWeb": "1d41vektfm7tguh6fkafs9vbmf",
        "AppClientID": "261t3jhiuu83dij37183ma680f",
        "IdentityPoolId": "us-east-1:325f8433-d9db-4505-be3d-87e94b5778b2",
        "UserPoolArn": "arn:aws:cognito-idp:us-east-1:333248405225:userpool/us-east-1_NE4HTCvyI",
        "IdentityPoolName": "testAuthIdentityPool__staging",
        "UserPoolName": "cougarDevs"
      },
      "lastPushTimeStamp": "2022-12-08T00:01:49.788Z",
      "providerMetadata": {
        "s3TemplateURL": "https://s3.amazonaws.com/amplify-cougardevs-staging-23139-deployment/amplify-cfn-templates/auth/cougarDevs-cloudformation-template.json",
        "logicalId": "authcougarDevs"
      }
    }
  },
  "api": {
    "cougarDevs": {
      "service": "AppSync",
      "providerPlugin": "awscloudformation",
      "dependsOn": [],
      "output": {
        "authConfig": {
          "defaultAuthentication": {
            "authenticationType": "API_KEY",
            "apiKeyConfig": {
              "apiKeyExpirationDays": 30,
              "description": "api key description"
            }
          },
          "additionalAuthenticationProviders": [
            {
              "authenticationType": "AWS_IAM"
            }
          ]
        },
        "GraphQLAPIIdOutput": "ps33tzjtmrf4tojlazqa5qiqwe",
        "GraphQLAPIEndpointOutput": "https://gkam77d5tbejjhtqjlig55fmsm.appsync-api.us-east-1.amazonaws.com/graphql",
        "GraphQLAPIKeyOutput": "da2-hnkblqo44rgyxkvrjirhpuuzny"
      },
      "lastPushTimeStamp": "2022-12-08T00:01:49.834Z",
      "providerMetadata": {
        "s3TemplateURL": "https://s3.amazonaws.com/amplify-cougardevs-staging-23139-deployment/amplify-cfn-templates/api/cloudformation-template.json",
        "logicalId": "apicougarDevs"
      },
      "lastPushDirHash": "MJvzudopvI18TRL1A44LTmqKCB0="
    }
  }
}