[{
    "id" : "1",
    "quantity" : 2,
    "item": {
    "id": "1",
    "name": "GitHub 101",
    "price" : "20.00",
    "organization" : "WIC Club",
    "date" : "Nov 30 2022",
    "image" : "https://www.bleepstatic.com/content/hl-images/2022/04/08/GitHub___headpic.jpg",
    }
},
{
    "id" : "2",
    "quantity" : 3,
    "item":{
    "id" : "2",
    "name": "React Native 101",
    "price" : "13.15",
    "organization" : "College of Charleston",
    "date" : "Nov 30 2022",
    "image": "https://cdn.appdesign.dev/wp-content/uploads/2018/12/Desarrollo-de-aplicaciones-con-React-Native.jpg",
    }

},
]