[{
    "id" : "1",
    "name": "GitHub 101",
    "price" : "10.54",
    "organization" : "WIC Club",
    "date" : "Nov 30 2022",
    "image" : "https://www.bleepstatic.com/content/hl-images/2022/04/08/GitHub___headpic.jpg",
    "description" : "Lorem ipsum dolor sit amet, consectetur adipiscing elit, sed do eiusmod tempor incididunt ut labore et dolore magna aliqua. Ut enim ad minim veniam, quis nostrud exercitation ullamco laboris nisi ut aliquip ex ea commodo consequat. Duis aute irure dolor in reprehenderit in voluptate velit esse cillum dolore eu fugiat nulla pariatur. Excepteur sint occaecat cupidatat non proident, sunt in culpa qui officia deserunt mollit anim id est laborum."
},
{
    "id" : "2",
    "name": "React Native 101",
    "price" : "13.15",
    "organization" : "College of Charleston",
    "date" : "Nov 30 2022",
    "image": "https://cdn.appdesign.dev/wp-content/uploads/2018/12/Desarrollo-de-aplicaciones-con-React-Native.jpg",
    "description" : "Lorem ipsum dolor sit amet, consectetur adipiscing elit, sed do eiusmod tempor incididunt ut labore et dolore magna aliqua. Ut enim ad minim veniam, quis nostrud exercitation ullamco laboris nisi ut aliquip ex ea commodo consequat. Duis aute irure dolor in reprehenderit in voluptate velit esse cillum dolore eu fugiat nulla pariatur. Excepteur sint occaecat cupidatat non proident, sunt in culpa qui officia deserunt mollit anim id est laborum."

},
{
    "id" : "3",
    "name": "Java 101",
    "price" : "25.00",
    "organization" : "College of Charleston",
    "date" : "Nov 30 2022",
    "image" : "https://plainsborolibrary.org/wp-content/uploads/2022/02/Event-Java-101.png",
    "description" : "Lorem ipsum dolor sit amet, consectetur adipiscing elit, sed do eiusmod tempor incididunt ut labore et dolore magna aliqua. Ut enim ad minim veniam, quis nostrud exercitation ullamco laboris nisi ut aliquip ex ea commodo consequat. Duis aute irure dolor in reprehenderit in voluptate velit esse cillum dolore eu fugiat nulla pariatur. Excepteur sint occaecat cupidatat non proident, sunt in culpa qui officia deserunt mollit anim id est laborum."

},
]